"guestnumber","firstname","surname","address","phone","guesttype","expiration"
"9001","Sandra","Ramirez","2708 Pinehurst Ct, Salt Lake City, UT 84101","(801) 432-8094","consultant","2025-11-30"
"9002","Daniel","Thomas","7428 Mulberry Pl, Birmingham, AL 35201","(205) 680-3585","special program attendee","2025-06-17"
"9003","Elizabeth","Brown","4306 Ashwood Ave, Cleveland, OH 44101","(216) 915-9706","visiting scholar","2024-08-24"
"9004","Jessica","Hernandez","444 Sycamore Cir, New York, NY 10001","(212) 431-7819","special program attendee","2025-03-25"
"9005","Nancy","Roberts","404 Aspen Rd, Nashville, TN 37201","(615) 613-2865","consultant","2025-03-29"
"9006","Robert","Lopez","2405 Redwood Blvd, Sacramento, CA 95801","(916) 864-8988","visiting scholar","2025-09-13"
"9007","Melissa","Rodriguez","4609 Holly Rd, Fargo, ND 58101","(701) 377-5056","special program attendee","2025-03-21"
"9008","Susan","Nelson","1809 Chestnut Ln, Memphis, TN 38101","(901) 336-8435","visiting scholar","2025-04-01"
"9009","Margaret","Campbell","456 Oak Ave, Los Angeles, CA 90001","(213) 518-7201","visiting scholar","2025-03-27"
"9010","Stella","Mendez","7701 Cottonwood Way, Toledo, OH 43601","(419) 377-4286","consultant","2025-05-03"
"9011","Richard","Nguyen","7428 Mulberry Pl, Birmingham, AL 35201","(205) 266-3821","visiting scholar","2025-10-31"
"9012","Karen","Lee","1809 Chestnut Ln, Memphis, TN 38101","(901) 464-9426","special program attendee","2024-09-02"
"9013","Richard","Smith","1203 Mulberry Rd, San Jose, CA 95101","(408) 220-9331","special program attendee","2024-09-06"
"9014","Betty","Davis","707 Beech St, Charlotte, NC 28201","(704) 705-6614","visiting scholar","2024-09-26"
"9015","John","Brown","2001 Sugar Maple Way, Albuquerque, NM 87101","(505) 763-1773","visiting scholar","2025-07-01"
"9016","Mateo","Foster","7000 Chestnut Cir, Richmond, VA 23202","(804) 705-1010","special program attendee","2025-01-12"
"9017","Jessica","Martin","2203 Elmwood Rd, Oklahoma City, OK 73101","(405) 314-3933","visiting scholar","2024-09-08"
"9018","Amanda","Davis","888 Dogwood Ln, Boston, MA 02101","(617) 711-8170","visiting scholar","2025-11-13"
"9019","Paul","Ramirez","4306 Ashwood Ave, Cleveland, OH 44101","(216) 281-5771","consultant","2025-01-13"
"9020","Michael","Rodriguez","4903 Chestnut Dr, Augusta, GA 30901","(706) 805-4883","consultant","2025-08-14"